{
  "cors": {
    "whiteList": [
      "http://localhost:3000",
      "http://localhost:3001",
      "https://travelling-website-funix-v1.web.app",
      "https://joya-client.web.app",
      "https://ntav.org",
      "https://joya.com.vn",
      "http://joya.com.vn",
      "http://joya.com.vn",
      "https://joya.com.vn",
      "http://admin.joya.com.vn",
      "https://admin.joya.com.vn"
    ]
  },
  "database": {
    "mongodb_URI": "mongodb+srv://travelWeb:travelWebsite123@cluster0.qfie8nj.mongodb.net/travel?retryWrites=true&w=majority"
  },
  "jwtSecret": "funix-secret",
  "bcrypt": {
    "saltRounds": 10
  },
  "firebaseConfig": {
    "apiKey": "AIzaSyC_arnzKyxfPyHZqn8zCdWkdN2Zlazx9Uc",
    "authDomain": "travelling-website-funix-v1.firebaseapp.com",
    "projectId": "travelling-website-funix-v1",
    "storageBucket": "travelling-website-funix-v1.appspot.com",
    "messagingSenderId": "620610351963",
    "appId": "1:620610351963:web:ca9c821a8958f22d99e07e"
  }
}
