{
  "web": {
    "client_id": "147950635630-7a52p5uqshcplk8v58ggvs4210lbbpdi.apps.googleusercontent.com",
    "project_id": "joya-373301",
    "auth_uri": "https://accounts.google.com/o/oauth2/auth",
    "token_uri": "https://oauth2.googleapis.com/token",
    "auth_provider_x509_cert_url": "https://www.googleapis.com/oauth2/v1/certs",
    "client_secret": "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",
    "redirect_uris": ["http://localhost:5000", "https://ntav.org"],
    "javascript_origins": ["http://localhost:5000", "https://ntav.org"]
  }
}
